<?xml version="1.0" encoding="UTF-8"?>
<!DOCTYPE platform PUBLIC "-//NetBeans//DTD Java PlatformDefinition 1.0//EN" "http://www.netbeans.org/dtds/java-platformdefinition-1_0.dtd">
<platform default="no" name="JDK 12">
    <jdkhome>
        <resource>file:/Library/Java/JavaVirtualMachines/jdk-12.jdk/Contents/Home/</resource>
    </jdkhome>
    <properties>
        <property name="platform.ant.name" value="JDK_12"/>
    </properties>
    <sysproperties>
        <property name="awt.toolkit" value="sun.lwawt.macosx.LWCToolkit"/>
        <property name="file.encoding" value="UTF-8"/>
        <property name="file.separator" value="/"/>
        <property name="gopherProxySet" value="false"/>
        <property name="java.awt.graphicsenv" value="sun.awt.CGraphicsEnvironment"/>
        <property name="java.awt.printerjob" value="sun.lwawt.macosx.CPrinterJob"/>
        <property name="java.class.path" value=""/>
        <property name="java.class.version" value="56.0"/>
        <property name="java.home" value="/Library/Java/JavaVirtualMachines/jdk-12.jdk/Contents/Home"/>
        <property name="java.io.tmpdir" value="/var/folders/xr/p1q2clcn6z1_s49qhk9kyp0w0000gn/T/"/>
        <property name="java.library.path" value="/Users/yakir/Library/Java/Extensions:/Library/Java/Extensions:/Network/Library/Java/Extensions:/System/Library/Java/Extensions:/usr/lib/java:."/>
        <property name="java.runtime.name" value="OpenJDK Runtime Environment"/>
        <property name="java.runtime.version" value="12-ea+22"/>
        <property name="java.specification.name" value="Java Platform API Specification"/>
        <property name="java.specification.vendor" value="Oracle Corporation"/>
        <property name="java.specification.version" value="12"/>
        <property name="java.vendor" value="Oracle Corporation"/>
        <property name="java.vendor.url" value="http://java.oracle.com/"/>
        <property name="java.vendor.url.bug" value="http://bugreport.java.com/bugreport/"/>
        <property name="java.version" value="12-ea"/>
        <property name="java.version.date" value="2019-03-19"/>
        <property name="java.vm.compressedOopsMode" value="Zero based"/>
        <property name="java.vm.info" value="mixed mode, sharing"/>
        <property name="java.vm.name" value="OpenJDK 64-Bit Server VM"/>
        <property name="java.vm.specification.name" value="Java Virtual Machine Specification"/>
        <property name="java.vm.specification.vendor" value="Oracle Corporation"/>
        <property name="java.vm.specification.version" value="12"/>
        <property name="java.vm.vendor" value="Oracle Corporation"/>
        <property name="java.vm.version" value="12-ea+22"/>
        <property name="jdk.debug" value="release"/>
        <property name="line.separator" value="&#10;"/>
        <property name="os.arch" value="x86_64"/>
        <property name="os.name" value="Mac OS X"/>
        <property name="os.version" value="10.14.2"/>
        <property name="path.separator" value=":"/>
        <property name="sun.arch.data.model" value="64"/>
        <property name="sun.boot.library.path" value="/Library/Java/JavaVirtualMachines/jdk-12.jdk/Contents/Home/lib"/>
        <property name="sun.cpu.endian" value="little"/>
        <property name="sun.io.unicode.encoding" value="UnicodeBig"/>
        <property name="sun.java.command" value="org.netbeans.modules.java.j2seplatform.wizard.SDKProbe /var/folders/xr/p1q2clcn6z1_s49qhk9kyp0w0000gn/T/nb-platformdetect9963435592271972737properties"/>
        <property name="sun.java.launcher" value="SUN_STANDARD"/>
        <property name="sun.jnu.encoding" value="UTF-8"/>
        <property name="sun.management.compiler" value="HotSpot 64-Bit Tiered Compilers"/>
        <property name="user.country" value="CN"/>
        <property name="user.dir" value=""/>
        <property name="user.home" value="/Users/yakir"/>
        <property name="user.language" value="zh"/>
        <property name="user.name" value="yakir"/>
        <property name="user.script" value="Hans"/>
        <property name="user.timezone" value="Asia/Shanghai"/>
    </sysproperties>
</platform>
