<?xml version="1.0" encoding="UTF-8"?>
<!DOCTYPE editor-preferences PUBLIC "-//NetBeans//DTD Editor Preferences 1.0//EN" "http://www.netbeans.org/dtds/EditorPreferences-1_0.dtd">
<editor-preferences>
    <entry javaType="java.lang.Boolean" name="alignMultilineAssignment" xml:space="preserve"><value><![CDATA[true]]></value></entry>
    <entry javaType="java.lang.Boolean" name="alignMultilineImplements" xml:space="preserve"><value><![CDATA[true]]></value></entry>
    <entry javaType="java.lang.Boolean" name="alignMultilineThrows" xml:space="preserve"><value><![CDATA[true]]></value></entry>
    <entry javaType="java.lang.Boolean" name="enable-indent" xml:space="preserve"><value><![CDATA[true]]></value></entry>
    <entry javaType="java.lang.String" name="javaAutoCompletionTriggers" xml:space="preserve"><value><![CDATA[.abcdefghijklmnopqrstuvwxyz]]></value></entry>
    <entry javaType="java.lang.Boolean" name="javaAutoPopupOnIdentifierPart" xml:space="preserve"><value><![CDATA[true]]></value></entry>
    <entry javaType="java.lang.String" name="on-save-reformat" xml:space="preserve"><value><![CDATA[never]]></value></entry>
    <entry javaType="java.lang.String" name="on-save-remove-trailing-whitespace" xml:space="preserve"><value><![CDATA[never]]></value></entry>
    <entry javaType="java.lang.Boolean" name="on-save.Imports_UNUSED" xml:space="preserve"><value><![CDATA[true]]></value></entry>
    <entry javaType="java.lang.String" name="wrapEnumConstants" xml:space="preserve"><value><![CDATA[WRAP_ALWAYS]]></value></entry>
    <entry javaType="java.lang.String" name="wrapExtendsImplementsKeyword" xml:space="preserve"><value><![CDATA[WRAP_ALWAYS]]></value></entry>
    <entry javaType="java.lang.String" name="wrapExtendsImplementsList" xml:space="preserve"><value><![CDATA[WRAP_IF_LONG]]></value></entry>
    <entry javaType="java.lang.String" name="wrapTernaryOps" xml:space="preserve"><value><![CDATA[WRAP_ALWAYS]]></value></entry>
    <entry javaType="java.lang.String" name="wrapThrowsKeyword" xml:space="preserve"><value><![CDATA[WRAP_ALWAYS]]></value></entry>
    <entry javaType="java.lang.String" name="wrapThrowsList" xml:space="preserve"><value><![CDATA[WRAP_ALWAYS]]></value></entry>
    <entry name="code-folding-collapse-innerclass" remove="true"/>
    <entry name="code-folding-collapse-javadoc" remove="true"/>
    <entry name="code-folding-collapse-method" remove="true"/>
    <entry name="pair-characters-completion" remove="true"/>
    <entry name="show-deprecated-members" remove="true"/>
</editor-preferences>
