<?xml version="1.0" encoding="UTF-8"?>
<!DOCTYPE fontscolors PUBLIC "-//NetBeans//DTD Editor Fonts and Colors settings 1.1//EN" "http://www.netbeans.org/dtds/EditorFontsColors-1_1.dtd">
<fontscolors>
    <fontcolor foreColor="ff474747" name="identifier"/>
    <fontcolor foreColor="ffff931f" name="number"/>
    <fontcolor bgColor="white" foreColor="black" name="default">
        <font name="Source Code Pro" size="11"/>
    </fontcolor>
    <fontcolor foreColor="ff00ad3b" name="string"/>
    <fontcolor foreColor="ff2f64b2" name="keyword"/>
    <fontcolor foreColor="ff639b9f" name="operator"/>
</fontscolors>
