<?xml version="1.0" encoding="UTF-8"?>
<!DOCTYPE bindings PUBLIC "-//NetBeans//DTD Editor KeyBindings settings 1.1//EN" "http://www.netbeans.org/dtds/EditorKeyBindings-1_1.dtd">
<bindings>
    <bind actionName="copy-selection-else-line-down" key="D-D"/>
    <bind actionName="format" key="DA-L"/>
    <bind actionName="goto-declaration" key="SO-G"/>
    <bind actionName="remove-line" key="O-X"/>
    <bind actionName="select-element-next" key="SDO-UP"/>
    <bind actionName="select-element-previous" key="SDO-DOWN"/>
    <bind actionName="to-lower-case" key="D-U"/>
    <bind actionName="to-upper-case" key="SD-U"/>
    <bind key="D-U$U" remove="true"/>
    <bind key="S-SPACE" remove="true"/>
    <bind key="SA-KP_DOWN" remove="true"/>
    <bind key="SO-F" remove="true"/>
    <bind key="S-F10" remove="true"/>
    <bind key="D-E" remove="true"/>
    <bind key="D-U$S" remove="true"/>
    <bind key="D-U$L" remove="true"/>
</bindings>
